animal_name,habitat,diet
Gemsbok,forest,omnivore
Palm squirrel,savanna,omnivore
"Bear, polar",forest,omnivore
Red sheep,ocean,carnivore
Black and white colobus,desert,herbivore
"Vulture, white-headed",tundra,herbivore
Yellow-necked spurfowl,ocean,carnivore
Green heron,forest,omnivore
"Falcon, peregrine",desert,omnivore
Mocking cliffchat,ocean,omnivore
Helmeted guinea fowl,ocean,omnivore
"Cat, jungle",ocean,omnivore
White-throated robin,tundra,omnivore
King vulture,tundra,omnivore
Klipspringer,desert,herbivore
"Gonolek, burchell's",savanna,omnivore
"Ibis, glossy",ocean,omnivore
North American river otter,forest,carnivore
"Dog, bush",forest,herbivore
"Francolin, coqui",savanna,carnivore
American crow,desert,herbivore
Arctic lemming,forest,omnivore
Mara,savanna,omnivore
Neotropic cormorant,savanna,carnivore
"Stork, woolly-necked",forest,carnivore
Emerald-spotted wood dove,ocean,herbivore
"Hedgehog, south african",savanna,carnivore
Small Indian mongoose,savanna,omnivore
"Vulture, white-headed",savanna,herbivore
Yellow-bellied marmot,desert,herbivore
"Wallaroo, common",ocean,herbivore
Blue peacock,savanna,omnivore
Monitor lizard (unidentified),savanna,omnivore
Cape clawless otter,savanna,carnivore
"Civet, common palm",ocean,herbivore
Meerkat,forest,herbivore
Red-headed woodpecker,forest,omnivore
Eastern grey kangaroo,forest,omnivore
Racer snake,forest,herbivore
Old world fruit bat (unidentified),desert,omnivore
"Jackrabbit, white-tailed",forest,omnivore
"Langur, hanuman",desert,carnivore
Cook's tree boa,tundra,omnivore
Common eland,forest,omnivore
Bleeding heart monkey,desert,herbivore
Rhesus macaque,desert,herbivore
Fork-tailed drongo,forest,herbivore
"Baboon, yellow",ocean,herbivore
"Squirrel, antelope ground",ocean,carnivore
Asian elephant,tundra,herbivore
Giraffe,ocean,omnivore
"Spider, wolf",savanna,carnivore
"Fox, grey",forest,omnivore
Slender-billed cockatoo,savanna,herbivore
Scaly-breasted lorikeet,ocean,herbivore
Desert kangaroo rat,forest,carnivore
"Goose, cereopsis",forest,carnivore
Ibex,ocean,herbivore
"Turkey, australian brush",forest,carnivore
"Antelope, sable",desert,omnivore
Greater sage grouse,savanna,herbivore
"Lemming, collared",desert,omnivore
Grey mouse lemur,forest,herbivore
"Wambenger, red-tailed",savanna,herbivore
Giant heron,forest,carnivore
"Ibis, puna",tundra,carnivore
"Swan, trumpeter",savanna,omnivore
Crested screamer,tundra,omnivore
"Pheasant, ring-necked",desert,carnivore
Sidewinder,ocean,herbivore
Laughing dove,ocean,carnivore
Savanna baboon,savanna,carnivore
"Porcupine, african",tundra,omnivore
"Goose, knob-nosed",tundra,omnivore
Crested barbet,forest,omnivore
Red howler monkey,tundra,carnivore
Cheetah,forest,herbivore
"White-eye, cape",forest,carnivore
"Eagle, tawny",ocean,omnivore
"Deer, white-tailed",tundra,herbivore
Eastern indigo snake,tundra,omnivore
"Spoonbill, european",tundra,carnivore
"Gull, southern black-backed",forest,herbivore
"Otter, north american river",tundra,omnivore
"Pelican, eastern white",desert,carnivore
"Deer, spotted",ocean,omnivore
"Trumpeter, green-winged",desert,carnivore
"Possum, western pygmy",forest,carnivore
Black-eyed bulbul,ocean,herbivore
"Chipmunk, least",ocean,herbivore
Feathertail glider,desert,omnivore
Slender loris,desert,herbivore
Southern elephant seal,forest,carnivore
Pronghorn,desert,herbivore
Dama wallaby,desert,herbivore
Vicuna,ocean,herbivore
Yellow-bellied marmot,savanna,herbivore
Small-spotted genet,ocean,omnivore
Striped dolphin,ocean,omnivore
Yellow-billed hornbill,tundra,omnivore
Bottle-nose dolphin,ocean,herbivore
Blue crane,forest,herbivore
Yellow-throated sandgrouse,forest,herbivore
"Possum, ring-tailed",tundra,herbivore
"Cormorant, little",savanna,herbivore
Snowy egret,ocean,herbivore
"Barbet, black-collared",ocean,herbivore
Vicuna,savanna,herbivore
"Bleu, red-cheeked cordon",savanna,carnivore
"Pintail, white-cheeked",savanna,omnivore
"Antelope, four-horned",desert,carnivore
"Mongoose, small indian",tundra,herbivore
Dingo,savanna,omnivore
"Grebe, little",desert,omnivore
Leadbeateri's ground hornbill,tundra,carnivore
Pied avocet,ocean,carnivore
Flying fox (unidentified),desert,omnivore
"Lizard, goanna",savanna,carnivore
Barrows goldeneye,ocean,herbivore
"Elephant, asian",tundra,omnivore
Crowned hawk-eagle,savanna,carnivore
"Siskin, yellow-rumped",desert,omnivore
"Duck, comb",desert,carnivore
Small-toothed palm civet,ocean,herbivore
Magnificent frigate bird,tundra,carnivore
"Bear, black",ocean,omnivore
"Tern, white-winged",tundra,carnivore
"Caracara, yellow-headed",desert,herbivore
Greater kudu,desert,carnivore
Ring-tailed coatimundi,tundra,carnivore
"Buffalo, wild water",savanna,omnivore
Pine siskin,desert,herbivore
Gaur,ocean,herbivore
"Bird, bare-faced go away",ocean,omnivore
"Sheathbill, snowy",savanna,omnivore
"Kangaroo, western grey",desert,herbivore
Paca,savanna,herbivore
Vicuna,tundra,herbivore
Coke's hartebeest,desert,omnivore
Great horned owl,desert,carnivore
Bonnet macaque,forest,omnivore
Mexican boa,tundra,omnivore
Northern elephant seal,desert,omnivore
North American river otter,desert,omnivore
Barrows goldeneye,tundra,carnivore
"Cat, long-tailed spotted",ocean,herbivore
"Flamingo, greater",forest,herbivore
Eastern indigo snake,forest,carnivore
"Gull, silver",forest,herbivore
"Rabbit, eastern cottontail",tundra,carnivore
Crested porcupine,desert,carnivore
"Lion, asian",desert,herbivore
"Bettong, brush-tailed",tundra,omnivore
American beaver,tundra,carnivore
"Crow, pied",desert,herbivore
"Duck, comb",desert,carnivore
South American puma,tundra,carnivore
Bateleur eagle,tundra,herbivore
"Deer, savannah",savanna,omnivore
Sacred ibis,savanna,herbivore
"Duck, comb",savanna,omnivore
"Gorilla, western lowland",desert,omnivore
Lapwing (unidentified),ocean,omnivore
Olive baboon,tundra,omnivore
American beaver,ocean,omnivore
"Gull, swallow-tail",savanna,omnivore
Chacma baboon,savanna,herbivore
Asian water dragon,tundra,herbivore
"Egret, cattle",forest,omnivore
"Crane, black-crowned",savanna,carnivore
Sea birds (unidentified),savanna,carnivore
"Cat, jungle",ocean,herbivore
Laughing kookaburra,tundra,herbivore
Malay squirrel (unidentified),tundra,carnivore
"Bettong, brush-tailed",desert,carnivore
"Monkey, rhesus",ocean,carnivore
Red-billed tropic bird,savanna,omnivore
Polar bear,desert,omnivore
"Bird, secretary",tundra,herbivore
European spoonbill,savanna,omnivore
"Sungazer, yellow-brown",desert,omnivore
"Turaco, violet-crested",ocean,herbivore
Yellow baboon,forest,herbivore
"Waterbuck, common",savanna,herbivore
"Porcupine, african",savanna,herbivore
"Polecat, african",desert,omnivore
African jacana,desert,omnivore
Tayra,desert,carnivore
Black bear,savanna,omnivore
"Ferret, black-footed",ocean,herbivore
Thirteen-lined squirrel,forest,carnivore
"Hen, sage",ocean,herbivore
Barrows goldeneye,desert,omnivore
American badger,tundra,herbivore
"Lizard, giant girdled",tundra,herbivore
Scarlet macaw,forest,carnivore
"Cat, african wild",forest,carnivore
"Starling, superb",forest,herbivore
"Eagle, white-bellied sea",desert,herbivore
African polecat,savanna,omnivore
Tiger,forest,carnivore
Secretary bird,ocean,omnivore
"Deer, savannah",forest,carnivore
Yellow-billed hornbill,ocean,omnivore
"Duck, white-faced whistling",tundra,herbivore
Red-necked phalarope,forest,omnivore
"Goat, mountain",tundra,omnivore
Capybara,desert,omnivore
"Falcon, prairie",savanna,omnivore
"Heron, goliath",ocean,omnivore
"Duiker, gray",ocean,carnivore
"Squirrel, smith's bush",forest,omnivore
Blue and gold macaw,forest,herbivore
Jaguar,forest,omnivore
"Ibis, glossy",desert,herbivore
Chimpanzee,savanna,carnivore
Asian openbill,ocean,omnivore
"Gull, swallow-tail",ocean,carnivore
Black-fronted bulbul,forest,carnivore
Galah,ocean,herbivore
Monitor lizard (unidentified),savanna,herbivore
"Monkey, red howler",forest,herbivore
Canadian river otter,savanna,carnivore
"Opossum, american virginia",savanna,omnivore
Tyrant flycatcher,forest,omnivore
Galapagos sea lion,tundra,herbivore
Guanaco,ocean,omnivore
"Goose, cereopsis",forest,omnivore
Bleeding heart monkey,desert,omnivore
"Cormorant, king",savanna,herbivore
"Dunnart, fat-tailed",desert,omnivore
"Hornbill, southern ground",savanna,omnivore
Alpaca,ocean,carnivore
African pied wagtail,desert,carnivore
Long-nosed bandicoot,tundra,omnivore
"Hornbill, southern ground",savanna,herbivore
Common grenadier,tundra,carnivore
Little heron,desert,omnivore
"Openbill, asian",savanna,herbivore
Harbor seal,ocean,herbivore
Pied cormorant,savanna,herbivore
Western lowland gorilla,tundra,omnivore
Snowy sheathbill,forest,carnivore
Praying mantis (unidentified),ocean,omnivore
Striped skunk,savanna,carnivore
Common palm civet,forest,omnivore
Blue waxbill,ocean,herbivore
Tasmanian devil,forest,omnivore
Red meerkat,ocean,omnivore
"Dove, emerald-spotted wood",desert,herbivore
"Mynah, indian",savanna,omnivore
Blesbok,ocean,omnivore
"Mongoose, eastern dwarf",ocean,omnivore
California sea lion,desert,carnivore
"Deer, savannah",savanna,herbivore
"Wolf, common",savanna,omnivore
Elegant crested tinamou,ocean,herbivore
Little grebe,savanna,omnivore
"Possum, ring-tailed",tundra,omnivore
Stone sheep,tundra,carnivore
African buffalo,desert,herbivore
"Jaeger, long-tailed",desert,carnivore
"Cat, jungle",ocean,omnivore
Small-clawed otter,savanna,omnivore
Common nighthawk,ocean,omnivore
"Dolphin, bottle-nose",desert,carnivore
White-browed sparrow weaver,ocean,herbivore
Nilgai,tundra,herbivore
Oriental white-backed vulture,desert,carnivore
Red sheep,tundra,omnivore
Cougar,desert,carnivore
"Skunk, striped",desert,herbivore
King cormorant,desert,omnivore
"Flicker, field",desert,herbivore
"Peccary, collared",forest,carnivore
Cape raven,tundra,herbivore
"Stork, painted",tundra,herbivore
Ibex,savanna,carnivore
"Roadrunner, greater",tundra,herbivore
Galapagos sea lion,desert,carnivore
"Sloth, two-toed",tundra,omnivore
"Zebra, plains",tundra,omnivore
"Nighthawk, common",forest,carnivore
Common zebra,savanna,herbivore
Reindeer,savanna,herbivore
Tasmanian devil,tundra,omnivore
Rock dove,savanna,omnivore
"Tarantula, salmon pink bird eater",tundra,herbivore
"Cat, miner's",ocean,omnivore
"Monster, gila",savanna,omnivore
"Cormorant, great",forest,herbivore
"Bat, little brown",forest,carnivore
Feathertail glider,forest,omnivore
African bush squirrel,forest,omnivore
"Squirrel, antelope ground",forest,omnivore
Gerbil (unidentified),savanna,carnivore
"Beaver, american",ocean,carnivore
Pine squirrel,ocean,herbivore
Komodo dragon,forest,carnivore
North American red fox,savanna,omnivore
Clark's nutcracker,desert,carnivore
"Wallaby, river",savanna,omnivore
Klipspringer,desert,omnivore
"Shrike, crimson-breasted",tundra,carnivore
"Alligator, mississippi",tundra,omnivore
Black-backed jackal,savanna,omnivore
Sea birds (unidentified),tundra,herbivore
"Woodpecker, red-headed",forest,herbivore
Rufous-collared sparrow,desert,herbivore
Malay squirrel (unidentified),savanna,herbivore
"Ibis, glossy",forest,herbivore
"Heron, grey",ocean,omnivore
"Anteater, australian spiny",savanna,carnivore
"Bettong, brush-tailed",tundra,herbivore
"Eland, common",desert,omnivore
Western lowland gorilla,savanna,herbivore
Eastern cottontail rabbit,savanna,omnivore
Arctic hare,savanna,herbivore
Indian red admiral,savanna,omnivore
"Flycatcher, tyrant",forest,herbivore
Goliath heron,ocean,carnivore
Tasmanian devil,savanna,carnivore
Water monitor,desert,omnivore
Guanaco,ocean,herbivore
"Squirrel, red",savanna,omnivore
Marine iguana,forest,omnivore
"Coot, red-knobbed",savanna,omnivore
Yellow-billed stork,ocean,omnivore
Pied butcher bird,savanna,omnivore
"Zorro, common",desert,carnivore
Tyrant flycatcher,savanna,herbivore
Laughing kookaburra,forest,herbivore
Arboral spiny rat,desert,omnivore
Frog (unidentified),savanna,herbivore
"Cat, cape wild",ocean,herbivore
"Jackal, golden",desert,herbivore
Tyrant flycatcher,savanna,herbivore
"Heron, yellow-crowned night",desert,carnivore
Puma,tundra,herbivore
"Sheep, stone",savanna,carnivore
Steenbok,ocean,omnivore
"Lion, south american sea",desert,omnivore
Urial,savanna,omnivore
"Rattlesnake, horned",forest,omnivore
"Monkey, black spider",desert,carnivore
"Booby, masked",forest,carnivore
"Squirrel, arctic ground",ocean,herbivore
Turtle (unidentified),desert,carnivore
"Cat, jungle",tundra,herbivore
"Porcupine, crested",desert,herbivore
White-rumped vulture,tundra,carnivore
Common genet,ocean,omnivore
"Ass, asiatic wild",ocean,carnivore
Little brown dove,desert,omnivore
Indian mynah,tundra,herbivore
"Stork, white",desert,herbivore
"Baboon, chacma",tundra,omnivore
"Hornbill, southern ground",desert,carnivore
"Cormorant, pied",tundra,carnivore
"Hawk, red-tailed",savanna,herbivore
"Goose, cereopsis",forest,herbivore
Brown pelican,forest,carnivore
Red-capped cardinal,savanna,herbivore
Tyrant flycatcher,desert,carnivore
Sacred ibis,savanna,omnivore
Blue peacock,desert,omnivore
Thirteen-lined squirrel,savanna,herbivore
King vulture,desert,herbivore
Common langur,desert,herbivore
"Dolphin, common",tundra,carnivore
Fork-tailed drongo,tundra,herbivore
"Chickadee, black-capped",ocean,carnivore
European stork,forest,carnivore
"Cormorant, flightless",desert,carnivore
Miner's cat,tundra,herbivore
African black crake,forest,omnivore
"Tern, white-winged black",forest,omnivore
"Goose, cape barren",ocean,carnivore
"Gazelle, thomson's",forest,herbivore
"Cobra, cape",forest,carnivore
"Reedbuck, bohor",ocean,omnivore
Cape starling,tundra,carnivore
Coke's hartebeest,tundra,omnivore
Kaffir cat,savanna,omnivore
"Bat, asian false vampire",ocean,omnivore
Agile wallaby,forest,carnivore
Agama lizard (unidentified),ocean,omnivore
"Fox, silver-backed",tundra,carnivore
Carpet python,tundra,carnivore
"Moorhen, purple",desert,omnivore
"Crocodile, nile",forest,carnivore
Little brown bat,desert,herbivore
Urial,savanna,omnivore
Groundhog,savanna,carnivore
"Porcupine, crested",savanna,omnivore
"Eagle, african fish",desert,omnivore
"Lion, steller sea",desert,omnivore
Savannah deer (unidentified),savanna,omnivore
"Owl, madagascar hawk",forest,herbivore
"Armadillo, seven-banded",tundra,herbivore
"Squirrel, pine",ocean,carnivore
Red hartebeest,savanna,carnivore
Bateleur eagle,forest,carnivore
Stanley crane,savanna,carnivore
Horned lark,ocean,carnivore
"Vulture, oriental white-backed",forest,carnivore
Brown capuchin,savanna,omnivore
Canada goose,savanna,herbivore
American woodcock,tundra,carnivore
"Duiker, gray",ocean,omnivore
"Cat, civet",forest,herbivore
"Dove, little brown",savanna,herbivore
"Kangaroo, brush-tailed rat",tundra,omnivore
Yellow-throated sandgrouse,tundra,carnivore
Hottentot teal,savanna,herbivore
Red howler monkey,desert,herbivore
"Lourie, grey",savanna,omnivore
"Bustard, kori",tundra,carnivore
Sea birds (unidentified),tundra,omnivore
Kirk's dik dik,ocean,herbivore
"Iguana, land",tundra,herbivore
White-winged tern,desert,carnivore
Field flicker,savanna,carnivore
Stone sheep,forest,omnivore
Eagle owl (unidentified),ocean,herbivore
"Otter, african clawless",ocean,omnivore
Eastern indigo snake,ocean,herbivore
Burmese brown mountain tortoise,forest,omnivore
"Tortoise, desert",desert,omnivore
"Deer, black-tailed",ocean,omnivore
"Gazer, sun",forest,omnivore
Platypus,tundra,omnivore
Swallow-tail gull,desert,carnivore
"Gull, silver",desert,herbivore
"Ibis, sacred",desert,carnivore
Woolly-necked stork,ocean,carnivore
"Wombat, common",ocean,omnivore
"Tarantula, salmon pink bird eater",ocean,omnivore
"Bat, little brown",savanna,omnivore
"Nighthawk, common",forest,omnivore
"Bear, black",desert,omnivore
Marine iguana,ocean,herbivore
"Rattlesnake, eastern diamondback",ocean,carnivore
Long-finned pilot whale,desert,herbivore
Horned lark,savanna,omnivore
"Bustard, denham's",desert,herbivore
"Eagle, white-bellied sea",ocean,omnivore
"Dragon, ornate rock",savanna,omnivore
Netted rock dragon,forest,carnivore
"Nuthatch, red-breasted",tundra,herbivore
"Grenadier, common",tundra,omnivore
"Seal, southern elephant",forest,carnivore
Hoary marmot,desert,carnivore
"Shelduck, european",ocean,carnivore
"Armadillo, common long-nosed",forest,herbivore
Black-fronted bulbul,savanna,carnivore
"Cormorant, large",ocean,omnivore
"Hartebeest, coke's",forest,omnivore
African red-eyed bulbul,desert,herbivore
"Whale, long-finned pilot",ocean,carnivore
Black-cheeked waxbill,forest,omnivore
Bald eagle,tundra,carnivore
"Vulture, bengal",savanna,omnivore
Australian masked owl,ocean,herbivore
Crown of thorns starfish,savanna,omnivore
Grey heron,ocean,omnivore
"Wallaby, tammar",savanna,omnivore
Eastern quoll,savanna,carnivore
Southern right whale,ocean,carnivore
"Weaver, white-browed sparrow",forest,omnivore
"Seal, common",desert,carnivore
Waved albatross,ocean,omnivore
Blue wildebeest,tundra,carnivore
Southern lapwing,forest,herbivore
"Alligator, mississippi",tundra,omnivore
Small-toothed palm civet,ocean,carnivore
Long-crested hawk eagle,tundra,herbivore
"Leopard, indian",ocean,omnivore
Killer whale,tundra,carnivore
Rhesus monkey,ocean,omnivore
Lesser mouse lemur,ocean,omnivore
Urial,ocean,omnivore
"Barbet, levaillant's",savanna,herbivore
"Sloth, two-toed tree",tundra,herbivore
Weeper capuchin,desert,carnivore
Southern boubou,forest,carnivore
Bald eagle,ocean,herbivore
"Penguin, fairy",desert,herbivore
"Sloth, two-toed",forest,carnivore
Feral rock pigeon,desert,omnivore
"Glider, sugar",savanna,carnivore
Brazilian tapir,desert,carnivore
"Boubou, southern",desert,omnivore
Euro wallaby,forest,carnivore
"Crane, brolga",tundra,carnivore
"Sheathbill, snowy",tundra,omnivore
Lesser double-collared sunbird,ocean,omnivore
"Armadillo, giant",tundra,carnivore
White-throated kingfisher,ocean,carnivore
Little blue penguin,tundra,carnivore
Asian foreset tortoise,savanna,herbivore
Western grey kangaroo,savanna,carnivore
"Shelduck, common",desert,herbivore
"Lemming, collared",tundra,herbivore
Civet (unidentified),forest,herbivore
"Bear, american black",forest,herbivore
"Otter, north american river",ocean,carnivore
"Gull, dusky",savanna,herbivore
"Possum, pygmy",savanna,carnivore
Black-backed magpie,tundra,omnivore
Common langur,ocean,carnivore
"Snake, western patch-nosed",forest,carnivore
"Kangaroo, black-faced",tundra,carnivore
"Wallaby, bennett's",tundra,herbivore
Radiated tortoise,tundra,herbivore
Barasingha deer,forest,carnivore
"Phalarope, red-necked",savanna,carnivore
Gila monster,tundra,herbivore
"Beaver, eurasian",forest,carnivore
"Hornbill, yellow-billed",forest,herbivore
Black-fronted bulbul,savanna,omnivore
Desert spiny lizard,tundra,omnivore
"Roller, lilac-breasted",forest,carnivore
"Cat, toddy",ocean,herbivore
"Trumpeter, green-winged",tundra,herbivore
African snake (unidentified),savanna,carnivore
Barasingha deer,forest,carnivore
Red-capped cardinal,savanna,carnivore
"Goldeneye, common",desert,herbivore
"Bird, bare-faced go away",savanna,omnivore
King cormorant,tundra,carnivore
Crimson-breasted shrike,tundra,carnivore
"Hyena, brown",savanna,carnivore
"Bear, sloth",tundra,herbivore
"Elephant, african",savanna,omnivore
"Lion, asian",desert,carnivore
"Cow, scottish highland",desert,carnivore
"Magpie, black-backed",desert,herbivore
"Genet, common",ocean,omnivore
"Owl, white-browed",forest,carnivore
Common waterbuck,forest,omnivore
Stanley crane,ocean,omnivore
Koala,desert,herbivore
African clawless otter,tundra,omnivore
American badger,ocean,omnivore
Indian tree pie,desert,herbivore
"Magpie, australian",desert,carnivore
"Waterbuck, common",tundra,carnivore
"Pademelon, red-legged",savanna,carnivore
"Heron, giant",tundra,omnivore
"Lion, southern sea",ocean,herbivore
Praying mantis (unidentified),ocean,carnivore
"Plover, blacksmith",forest,carnivore
"Boa, malagasy ground",tundra,omnivore
Cape raven,desert,omnivore
Asian false vampire bat,desert,carnivore
"Monkey, rhesus",forest,carnivore
Jaguarundi,tundra,herbivore
"Squirrel, palm",savanna,carnivore
Eastern fox squirrel,forest,omnivore
Genoveva,ocean,carnivore
Four-striped grass mouse,desert,herbivore
White-winged tern,ocean,herbivore
Long-tailed jaeger,desert,herbivore
"Cow, scottish highland",tundra,carnivore
African fish eagle,ocean,carnivore
"Plover, three-banded",desert,herbivore
"Lion, steller's sea",desert,herbivore
Three-banded plover,forest,herbivore
Great white pelican,desert,herbivore
Snow goose,forest,herbivore
Small-clawed otter,tundra,herbivore
"Partridge, coqui",desert,herbivore
"Iguana, common green",tundra,herbivore
"Rhinoceros, square-lipped",tundra,omnivore
Baleen whale,ocean,omnivore
Indian leopard,desert,omnivore
"Cat, cape wild",forest,omnivore
Black-faced kangaroo,ocean,herbivore
"Boa, cook's tree",savanna,herbivore
"Pintail, white-cheeked",ocean,carnivore
Chacma baboon,tundra,herbivore
Hippopotamus,forest,carnivore
Eastern boa constrictor,desert,carnivore
Nine-banded armadillo,tundra,carnivore
"Peccary, white-lipped",savanna,carnivore
Eleven-banded armadillo (unidentified),desert,herbivore
"Creeper, black-tailed tree",ocean,carnivore
"Eagle, bateleur",ocean,herbivore
American bighorn sheep,forest,omnivore
"Wagtail, african pied",forest,carnivore
Wolf spider,tundra,herbivore
Ring-tailed lemur,tundra,carnivore
Prehensile-tailed porcupine,tundra,omnivore
"Jackal, black-backed",ocean,herbivore
"Cockatoo, red-tailed",desert,herbivore
"Lion, california sea",savanna,herbivore
Yellow mongoose,desert,herbivore
Asian water dragon,forest,omnivore
Bontebok,ocean,omnivore
Indian leopard,desert,carnivore
Galapagos sea lion,ocean,omnivore
"Flamingo, chilean",ocean,omnivore
Blue-breasted cordon bleu,tundra,carnivore
"Tern, white-winged",tundra,omnivore
Small-clawed otter,savanna,herbivore
"Stork, black-necked",savanna,carnivore
"Pelican, eastern white",tundra,carnivore
"Crane, sandhill",desert,herbivore
"Heron, black-crowned night",savanna,herbivore
"Eagle, golden",forest,carnivore
"Roadrunner, greater",ocean,carnivore
Turkey vulture,desert,omnivore
Asian red fox,desert,carnivore
Knob-nosed goose,savanna,carnivore
Prehensile-tailed porcupine,tundra,omnivore
"Bulbul, black-fronted",forest,omnivore
"Antelope, sable",savanna,herbivore
"Wallaby, bennett's",savanna,herbivore
"Cormorant, pied",ocean,omnivore
"Cobra, cape",desert,omnivore
"Lizard, goanna",forest,carnivore
"Corella, long-billed",ocean,herbivore
Malagasy ground boa,savanna,herbivore
"Ass, asiatic wild",desert,carnivore
Madagascar fruit bat,tundra,carnivore
Western bearded dragon,ocean,carnivore
Aardwolf,desert,carnivore
"Raven, white-necked",savanna,carnivore
Toddy cat,forest,herbivore
"Lemur, sportive",forest,herbivore
"Snake, racer",desert,carnivore
"Skua, great",tundra,omnivore
"Badger, eurasian",savanna,herbivore
African porcupine,tundra,herbivore
African lion,forest,omnivore
"Leopard, indian",savanna,carnivore
Common waterbuck,tundra,herbivore
"Zorro, common",savanna,carnivore
Western patch-nosed snake,forest,carnivore
Asiatic jackal,desert,carnivore
Lesser masked weaver,tundra,omnivore
Blue peacock,desert,carnivore
"Squirrel, pine",forest,herbivore
"Crane, black-crowned",desert,omnivore
Serval,tundra,omnivore
"Zorro, azara's",savanna,herbivore
"Pelican, eastern white",ocean,carnivore
"Badger, honey",savanna,carnivore
Golden eagle,desert,herbivore
White-browed sparrow weaver,forest,carnivore
Northern elephant seal,desert,herbivore
"Cormorant, neotropic",tundra,omnivore
Green vine snake,savanna,carnivore
"Lemur, sportive",desert,omnivore
Blue crane,forest,herbivore
"Marmot, hoary",desert,omnivore
"Screamer, southern",desert,omnivore
"Skunk, striped",forest,omnivore
"Wolf, timber",tundra,carnivore
"Loris, slender",ocean,herbivore
Black-tailed deer,savanna,herbivore
"Sloth, two-toed",desert,herbivore
Horned puffin,desert,omnivore
African porcupine,tundra,omnivore
"Dove, laughing",tundra,omnivore
White-nosed coatimundi,desert,carnivore
Australian masked owl,forest,carnivore
"Spurfowl, yellow-necked",tundra,omnivore
"Fox, asian red",savanna,omnivore
"Iguana, land",ocean,herbivore
"Capuchin, white-fronted",savanna,omnivore
"Boa, malagasy ground",desert,herbivore
Hawk-headed parrot,tundra,omnivore
Cape wild cat,ocean,herbivore
Egyptian viper,ocean,carnivore
Little grebe,tundra,herbivore
"Goose, egyptian",savanna,herbivore
Vicuna,tundra,herbivore
Magellanic penguin,savanna,omnivore
Burmese black mountain tortoise,tundra,carnivore
"Crane, blue",savanna,herbivore
"Booby, blue-footed",tundra,herbivore
"Eagle, bateleur",desert,omnivore
Arctic ground squirrel,forest,carnivore
Pied avocet,ocean,herbivore
Spotted wood sandpiper,tundra,herbivore
"Mynah, indian",desert,carnivore
Grey-footed squirrel,desert,omnivore
"Mongoose, eastern dwarf",ocean,herbivore
"Crane, blue",desert,carnivore
Pine siskin,savanna,omnivore
Common langur,savanna,omnivore
"Crow, american",savanna,herbivore
Alpaca,desert,herbivore
"Mongoose, eastern dwarf",savanna,omnivore
"Badger, eurasian",savanna,omnivore
Rose-ringed parakeet,desert,omnivore
"Goldeneye, common",tundra,omnivore
"Duck, mountain",desert,herbivore
Prairie falcon,ocean,herbivore
Greater flamingo,savanna,herbivore
Tawny eagle,forest,omnivore
"Wallaby, agile",desert,omnivore
Common nighthawk,tundra,carnivore
Groundhog,desert,herbivore
"Antelope, roan",tundra,omnivore
"Vulture, egyptian",savanna,omnivore
Greater blue-eared starling,forest,omnivore
"Hawk, ferruginous",savanna,herbivore
Hudsonian godwit,savanna,omnivore
Malleefowl,tundra,herbivore
Ocelot,tundra,herbivore
"Rattlesnake, horned",ocean,carnivore
"Bandicoot, southern brown",savanna,herbivore
"Weaver, chestnut",tundra,omnivore
Yellow-necked spurfowl,tundra,omnivore
Currasow (unidentified),ocean,herbivore
"Dolphin, common",forest,omnivore
"Goose, snow",tundra,omnivore
"Flamingo, roseat",tundra,carnivore
"Jackrabbit, white-tailed",savanna,herbivore
"Wambenger, red-tailed",desert,herbivore
Netted rock dragon,forest,carnivore
Red-breasted nuthatch,ocean,herbivore
"Snake, eastern indigo",savanna,carnivore
Numbat,forest,herbivore
Greylag goose,tundra,omnivore
California sea lion,desert,carnivore
Little brown dove,tundra,carnivore
"Coatimundi, white-nosed",desert,herbivore
Great white pelican,ocean,carnivore
Horned rattlesnake,tundra,carnivore
"Cormorant, javanese",desert,omnivore
"Barbet, crested",savanna,herbivore
Black-tailed deer,forest,carnivore
"Ox, musk",ocean,omnivore
Grison,ocean,carnivore
"Skimmer, four-spotted",forest,herbivore
"Seal, northern elephant",ocean,carnivore
"Salmon, sockeye",tundra,carnivore
Tawny eagle,ocean,omnivore
Vervet monkey,forest,omnivore
"Phalarope, grey",ocean,carnivore
Yellow mongoose,tundra,omnivore
Arctic fox,forest,herbivore
"Tenrec, tailless",savanna,omnivore
Southern right whale,ocean,carnivore
"Porcupine, tree",tundra,omnivore
"Pheasant, ring-necked",savanna,herbivore
Old world fruit bat (unidentified),ocean,herbivore
"Otter, african clawless",savanna,herbivore
Sarus crane,tundra,herbivore
Sambar,forest,omnivore
African bush squirrel,desert,omnivore
Pale-throated three-toed sloth,tundra,herbivore
"Trotter, lily",savanna,carnivore
"Crane, wattled",desert,carnivore
"Cat, long-tailed spotted",forest,herbivore
Emu,ocean,carnivore
Impala,ocean,omnivore
Spur-winged goose,savanna,omnivore
Yellow-billed stork,desert,carnivore
White-bellied sea eagle,tundra,carnivore
"Grouse, greater sage",desert,carnivore
Huron,ocean,carnivore
"Hawk, red-tailed",desert,omnivore
Common shelduck,savanna,herbivore
Ferruginous hawk,tundra,carnivore
Sacred ibis,desert,carnivore
"Tern, royal",tundra,omnivore
"Bear, polar",savanna,omnivore
Frilled lizard,desert,omnivore
"Shelduck, common",desert,carnivore
African fish eagle,desert,carnivore
American racer,forest,omnivore
"Legaan, ground",savanna,carnivore
"Spoonbill, white",savanna,herbivore
"Peccary, collared",forest,carnivore
Flightless cormorant,desert,carnivore
"Grenadier, purple",forest,herbivore
"Mynah, indian",desert,omnivore
Sage grouse,ocean,carnivore
Brown hyena,tundra,herbivore
"Falcon, prairie",savanna,carnivore
"Whale, baleen",forest,carnivore
"Vulture, egyptian",ocean,carnivore
Common ringtail,ocean,omnivore
Stone sheep,ocean,carnivore
Dassie,savanna,omnivore
Hottentot teal,tundra,omnivore
Red phalarope,ocean,omnivore
Rufous tree pie,ocean,herbivore
"Starling, cape",forest,herbivore
"Vulture, black",desert,omnivore
"Turaco, violet-crested",ocean,herbivore
Madagascar hawk owl,savanna,omnivore
Anaconda (unidentified),ocean,omnivore
"Eagle, tawny",tundra,omnivore
"Deer, mule",savanna,herbivore
Red-tailed wambenger,tundra,herbivore
Savannah deer (unidentified),tundra,herbivore
Egyptian vulture,desert,omnivore
"Snake, tiger",forest,carnivore
Yellow-billed hornbill,savanna,omnivore
"Gull, silver",desert,omnivore
Whip-tailed wallaby,ocean,omnivore
Scottish highland cow,tundra,carnivore
"Squirrel, golden-mantled ground",forest,omnivore
Banded mongoose,forest,carnivore
"Lion, southern sea",tundra,omnivore
"Bandicoot, short-nosed",desert,carnivore
Greater blue-eared starling,savanna,omnivore
"Squirrel, smith's bush",ocean,omnivore
"Bird, pied butcher",tundra,omnivore
Feral rock pigeon,ocean,herbivore
"Cockatoo, slender-billed",desert,carnivore
"Devil, tasmanian",forest,omnivore
"Gazelle, grant's",savanna,omnivore
Polar bear,forest,omnivore
"Trotter, lily",desert,omnivore
"Tenrec, tailless",ocean,omnivore
River wallaby,forest,carnivore
Small-clawed otter,tundra,omnivore
Crowned hawk-eagle,savanna,carnivore
"Sloth, two-toed",desert,carnivore
"Dragon, asian water",tundra,herbivore
Indian porcupine,desert,carnivore
Asian foreset tortoise,forest,herbivore
"Waterbuck, defassa",forest,omnivore
"Flamingo, greater",tundra,herbivore
Great kiskadee,ocean,herbivore
White-winged tern,ocean,carnivore
Sea birds (unidentified),desert,omnivore
Ring-tailed lemur,desert,herbivore
"Rat, arboral spiny",forest,carnivore
"Lion, galapagos sea",savanna,carnivore
Savanna baboon,tundra,omnivore
Butterfly (unidentified),tundra,herbivore
Brush-tailed bettong,ocean,herbivore
"Otter, small-clawed",tundra,omnivore
Vicuna,tundra,omnivore
White-necked raven,desert,carnivore
Suricate,desert,omnivore
"Deer, savannah",ocean,carnivore
Black-capped capuchin,tundra,omnivore
African wild cat,ocean,carnivore
"Legaan, water",desert,carnivore
Slender loris,desert,carnivore
"Squirrel, arctic ground",ocean,omnivore
"Kingfisher, malachite",forest,carnivore
Black-capped chickadee,ocean,herbivore
Banded mongoose,ocean,carnivore
"Frogmouth, tawny",forest,carnivore
King cormorant,ocean,omnivore
"Macaw, blue and yellow",desert,herbivore
White-throated toucan,forest,omnivore
Ringtail cat,forest,omnivore
Giant anteater,savanna,herbivore
Whip-tailed wallaby,savanna,carnivore
"Monitor, water",desert,omnivore
Ovenbird,desert,herbivore
"Waxbill, blue",forest,carnivore
Snake-necked turtle,ocean,carnivore
Sarus crane,savanna,herbivore
Trumpeter swan,desert,herbivore
"Hornbill, southern ground",desert,omnivore
"Rattlesnake, dusky",desert,carnivore
"Tern, white-winged",savanna,herbivore
"Deer, red",savanna,omnivore
"Swan, trumpeter",desert,herbivore
Bent-toed gecko,forest,carnivore
Currasow (unidentified),ocean,carnivore
Brush-tailed rat kangaroo,desert,herbivore
Wattled crane,desert,herbivore
"Duiker, gray",savanna,omnivore
Ferruginous hawk,desert,herbivore
"Constrictor, eastern boa",tundra,carnivore
"Jackal, indian",tundra,carnivore
Platypus,desert,omnivore
Azara's zorro,forest,herbivore
Fork-tailed drongo,ocean,omnivore
Striped dolphin,savanna,carnivore
Desert kangaroo rat,desert,omnivore
White-throated kingfisher,forest,herbivore
Praying mantis (unidentified),savanna,omnivore
"Raven, white-necked",forest,herbivore
Indian tree pie,forest,carnivore
Savanna baboon,desert,herbivore
Thirteen-lined squirrel,tundra,carnivore
Clark's nutcracker,savanna,herbivore
Collared peccary,savanna,herbivore
Sockeye salmon,forest,omnivore
Woylie,ocean,herbivore
South African hedgehog,ocean,carnivore
Blackbuck,forest,herbivore
Common nighthawk,ocean,herbivore
White-tailed jackrabbit,ocean,carnivore
Crested porcupine,tundra,herbivore
Golden brush-tailed possum,tundra,carnivore
Bush dog,savanna,carnivore
"Squirrel, grey-footed",tundra,omnivore
Blesbok,savanna,herbivore
"Antelope, four-horned",savanna,herbivore
Mallard,tundra,carnivore
Red-billed hornbill,forest,carnivore
"Capuchin, black-capped",tundra,carnivore
"Eagle, white-bellied sea",savanna,omnivore
"Rabbit, eastern cottontail",ocean,carnivore
Mexican boa,ocean,omnivore
Ovenbird,ocean,carnivore
North American river otter,savanna,herbivore
"Hornbill, red-billed",tundra,herbivore
"Vulture, oriental white-backed",desert,carnivore
Yellow-bellied marmot,desert,herbivore
"Monkey, rhesus",ocean,omnivore
"Rhinoceros, square-lipped",desert,herbivore
"Boa, emerald green tree",savanna,herbivore
American black bear,ocean,herbivore
"Squirrel, richardson's ground",tundra,herbivore
"Gecko, bent-toed",tundra,omnivore
"Squirrel, golden-mantled ground",savanna,omnivore
"Wallaby, tammar",savanna,omnivore
Turtle (unidentified),savanna,herbivore
"Sheathbill, snowy",forest,carnivore
Honey badger,desert,omnivore
Pacific gull,tundra,herbivore
"Bird, pied butcher",tundra,carnivore
"Crocodile, nile",ocean,carnivore
Western palm tanager (unidentified),tundra,herbivore
Steenbuck,forest,omnivore
"Weaver, sociable",forest,herbivore
Common zorro,savanna,carnivore
"Goose, spur-winged",forest,herbivore
Anaconda (unidentified),savanna,carnivore
Water monitor,tundra,carnivore
Red kangaroo,tundra,carnivore
Arboral spiny rat,forest,carnivore
Common grenadier,forest,omnivore
Blue waxbill,tundra,omnivore
"Toucan, white-throated",ocean,herbivore
"Bear, sloth",savanna,carnivore
Galapagos albatross,savanna,omnivore
Flightless cormorant,savanna,carnivore
"Otter, canadian river",desert,herbivore
"Egret, great",ocean,omnivore
"Armadillo, nine-banded",savanna,carnivore
"Whale, southern right",tundra,herbivore
European beaver,savanna,carnivore
Eastern boa constrictor,ocean,herbivore
"Cow, scottish highland",savanna,omnivore
"Starling, superb",savanna,carnivore
Gaur,ocean,herbivore
Roseate cockatoo,savanna,carnivore
Malabar squirrel,forest,herbivore
Galapagos albatross,desert,carnivore
Fork-tailed drongo,ocean,carnivore
"Rattlesnake, dusky",savanna,omnivore
American bighorn sheep,desert,herbivore
Western pygmy possum,tundra,herbivore
Mountain duck,forest,carnivore
White-browed owl,tundra,carnivore
"Crane, sandhill",forest,herbivore
Urial,tundra,omnivore
Eastern grey kangaroo,forest,carnivore
Brown lemur,forest,carnivore
Cape raven,desert,carnivore
Great white pelican,tundra,omnivore
"Boa, emerald green tree",forest,herbivore
Slender-billed cockatoo,ocean,herbivore
"Legaan, Monitor (unidentified)",desert,herbivore
"Possum, common brushtail",savanna,omnivore
Black-eyed bulbul,forest,carnivore
"Lion, south american sea",tundra,omnivore
Aardwolf,ocean,omnivore
"Crane, brolga",forest,herbivore
Desert tortoise,desert,herbivore
"Squirrel, arctic ground",savanna,carnivore
"Brocket, red",ocean,omnivore
Four-spotted skimmer,desert,carnivore
Painted stork,forest,herbivore
"Zebra, common",savanna,herbivore
"Sparrow, house",ocean,herbivore
Red-billed toucan,forest,omnivore
Gray duiker,savanna,herbivore
Crab-eating raccoon,tundra,omnivore
"Peccary, collared",ocean,herbivore
Gray rhea,savanna,herbivore
Indian peacock,tundra,carnivore
"Capuchin, black-capped",forest,herbivore
"Macaque, japanese",desert,herbivore
Goanna lizard,forest,omnivore
White rhinoceros,desert,carnivore
"Chickadee, black-capped",desert,omnivore
Little heron,desert,omnivore
"Dik, kirk's dik",desert,omnivore
Brown antechinus,savanna,carnivore
Greater adjutant stork,tundra,carnivore
Arctic ground squirrel,ocean,carnivore
Tokay gecko,forest,carnivore
